{"acc": {"_type": "histogram", "values": [1, 0, 0, 0, 0, 0, 0, 0, 0, 0, 0, 0, 0, 0, 0, 0, 0, 0, 0, 0, 0, 0, 0, 0, 0, 0, 0, 0, 0, 1, 1, 97], "bins": [9.28, 12.036562499999999, 14.793125, 17.549687499999997, 20.30625, 23.0628125, 25.819375, 28.575937499999995, 31.332499999999996, 34.0890625, 36.845625, 39.6021875, 42.35875, 45.1153125, 47.871874999999996, 50.6284375, 53.385, 56.1415625, 58.898125, 61.654687499999994, 64.41125, 67.1678125, 69.924375, 72.6809375, 75.4375, 78.1940625, 80.950625, 83.70718749999999, 86.46374999999999, 89.22031249999999, 91.97687499999999, 94.7334375, 97.49]}, "loss": {"_type": "histogram", "values": [98, 0, 1, 0, 0, 0, 0, 0, 0, 0, 0, 0, 0, 0, 0, 0, 0, 0, 0, 0, 0, 0, 0, 0, 0, 0, 0, 0, 0, 0, 0, 1], "bins": [0.0027237343477016112, 0.006189708516408279, 0.009655682685114948, 0.013121656853821616, 0.016587631022528287, 0.020053605191234957, 0.023519579359941624, 0.02698555352864829, 0.03045152769735496, 0.03391750186606163, 0.0373834760347683, 0.04084945020347496, 0.04431542437218163, 0.0477813985408883, 0.051247372709594965, 0.054713346878301636, 0.058179321047008306, 0.061645295215714976, 0.06511126938442165, 0.06857724355312832, 0.07204321772183499, 0.07550919189054164, 0.07897516605924831, 0.08244114022795498, 0.08590711439666165, 0.08937308856536832, 0.092839062734075, 0.09630503690278167, 0.09977101107148832, 0.10323698524019499, 0.10670295940890166, 0.11016893357760833, 0.113634907746315]}, "_timestamp": 1679230985.900498, "_runtime": 10454.507738828659, "_step": 0}